Workbook

Sheet Factories_sum
C1: CATL Debrecen | D1: Samsung Göd | E1: SK Innovation Iváncsa
A2: Capacity | B2: GWh/year | C2: 40 | D2: =D3*1000*200/1000000000 -> 26.18 | E2: 30
A3: Capacity | B3: ton/year | D3: 130900
A4: Energy consumption | B4: kWh/kWh | C4: =(C22*Factors!$A$2+C23*1000000)/(C2*1000000) -> 34.565 | D4: =Samsung_energy!B11/D2/1000000 -> 28.329135 | E4: =(E22*Factors!$A$2)/(E2*1000000) -> 29.449855
A5: Local CO2 emission (gas) | B5: ton/year | C5: =C22*Factors!A2*Factors!A5/1000 -> 171619.2 | D5: =D22*Factors!A2*Factors!A5/1000 -> 49438.84 | E5: =E22*Factors!A2*Factors!A5/1000 -> 178466.12
A6: Local CO2 emission (gas) | B6: kg/kWh | C6: =C5*1000/C2/1000000 -> 4.29048 | D6: =D5*1000/D2/1000000 -> 1.8884202 | E6: =E5*1000/E2/1000000 -> 5.9488707
A7: Local CO2 emission (truck) | B7: ton/year | C7: =C24*330*50*Factors!B14/1000 -> 5775 | D7: =D24*330*50*Factors!B14/1000 -> 3779.7375 | E7: =E24*330*50*Factors!B14/1000 -> 2062.5
A8: Local CO2 emission (car) | B8: ton/year | C8: =C25*330*50*Factors!B15/1000 -> 4260.3 | D8: =D25*330*50*Factors!B15/1000 -> 2788.3663 | E8: =E25*330*50*Factors!B15/1000 -> 990
A9: Local CO2 emission (bus) | B9: ton/year | E9: =E26*330*50*Factors!B16/1000 -> 643.5
A10: Local CO2 emission - Total | B10: ton/year | C10: =C5+C7+C8+C9 -> 181654.5 | D10: =D5+D7+D8+D9 -> 56006.943 | E10: =E5+E7+E8+E9 -> 182162.12
A11: Local CO2 emission - Total | B11: kg/kWh | C11: =C10*1000/C2/1000000 -> 4.5413625 | D11: =D10*1000/D2/1000000 -> 2.1393027 | E11: =E10*1000/E2/1000000 -> 6.0720707
A12: Global CO2 emission (gas) | B12: ton/year | C12: =C22*Factors!A2*Factors!A8/1000 -> 203904 | D12: =D22*Factors!A2*Factors!A8/1000 -> 58739.215 | E12: =E22*Factors!A2*Factors!A8/1000 -> 212038.95
A13: Global CO2 emission (gas) | B13: kg/kWh | C13: =C12*1000/C2/1000000 -> 5.0976 | D13: =D12*1000/D2/1000000 -> 2.2436675 | E13: =E12*1000/E2/1000000 -> 7.0679651
A14: Global CO2 emission (electricity) | B14: ton/year | C14: =C23*1000000*Factors!A11/1000 -> 171945.8 | D14: =D23*1000000*Factors!A11/1000 -> 160303.18 | E14: N/A
A15: Global CO2 emission (electricity) | B15: kg/kWh | C15: =C14*1000/C2/1000000 -> 4.298645 | D15: =D14*1000/D2/1000000 -> 6.1231159 | E15: N/A
A16: Global CO2 emission (truck) | B16: ton/year | C16: =C24*330*500*Factors!B14/1000 -> 57750 | D16: =D24*330*500*Factors!B14/1000 -> 37797.375 | E16: =E24*330*500*Factors!B14/1000 -> 20625
A17: Global CO2 emission - Total | B17: ton/year | C17: =C12+C14+C16+C8 -> 437860.1 | D17: =D12+D14+D16+D8 -> 259628.13 | E17: N/A
A18: Global CO2 emission - Total | B18: kg/kWh | C18: =C17*1000/C2/1000000 -> 10.946502 | D18: =D17*1000/D2/1000000 -> 9.9170409 | E18: N/A
A19: Water consumption | B19: L/kWh | C19: =3378*330*1000/C2/1000000 -> 27.8685 | D19: =1458927*1000/D2/1000000 -> 55.726776 | E19: =6091*330*1000/E2/1000000 -> 67.001
A20: WSF | B20: L/kWh | C20: =C19*Factors!A20 -> 32.438934 | D20: =D19*Factors!A20 -> 64.865967 | E20: =E19*Factors!A20 -> 77.989164
A22: Natural gas consumption | B22: m3/year | C22: 90000000 | D22: =Samsung_energy!D12 -> 25926560 | E22: 93590640
A23: Electricity use | B23: GWh/year | C23: 533 | D23: =Samsung_energy!B13/1000000 -> 496.91003 | E23: N/A
A24: Truck | B24: pcs/day | C24: 350 | D24: =D2/C2*C24 -> 229.075 | E24: 125
A25: Car | B25: pcs/day | C25: 1291 | D25: =D2/C2*C25 -> 844.9595 | E25: 300
A26: Bus | B26: pcs/day | E26: 65
A28: NMP use | B28: ton/year | C28: 2000 | D28: 14477 | E28: 13150
A29: NMP use | B29: kg/kWh | D29: =D28/26/1000 -> 0.55680769 | E29: =E28/26/1000 -> 0.50576923

Sheet Factors
A1: Calorific value of natural gas traded in Hungary (kWh/m3)
A2: 9.44
A4: IPCC standard default emission factor for natural gas for stationary combustion (kgCO2eq/kWh )
A5: 0.202
A7: CoM LCA default emission factor for natural gas (kgCO2eq/kWh )
A8: 0.24
A10: Emission factor of electricity provided by the Hungarian electricity supplier (kgCO2eq/kWh )
A11: 0.3226
A13: GHG intensities (kgCO2eq/km)
A14: Truck | B14: 1
A15: Car | B15: 0.2
A16: Bus | B16: 0.6
A18: Water scarcity footprint
A19: AWARE characterization factor (CF)
A20: 1.164

Sheet Samsung_energy
A1: Energy use and GHG emissions data reported by Samsung SDI Hungary, 2023
A2: Natural gas % | B2: 33
A3: Eletricity % | B3: 67
A4: CO2 emissions (ton) | B4: 230811
A6: Emission factors used in the report
A7: Natural gas (kgCO2eq/kWh) | B7: 0.202
A8: Electricity (kgCO2eq/kWh) | B8: 0.365
A10: Calculated consumptions
A11: Total | B11: =B4*1000/(B2/100*B7+B3/100*B8) -> 7.4165676e+08 | C11: kWh
A12: Natural gas | B12: =B11*B2/100 -> 2.4474673e+08 | C12: kWh | D12: =B12/Factors!A2 -> 25926560 | E12: m3
A13: Electricity | B13: =B11*B3/100 -> 4.9691003e+08 | C13: kWh
